Feature,Correlation
OverallQual,0.7909816005838053
GrLivArea,0.7086244776126517
GarageCars,0.6404091972583519
GarageArea,0.6234314389183622
TotalBsmtSF,0.6135805515591942
1stFlrSF,0.6058521846919153
FullBath,0.5606637627484453
TotRmsAbvGrd,0.5337231555820284
YearBuilt,0.522897332879497
YearRemodAdd,0.5071009671113869
Fireplaces,0.46692883675152763
BsmtFinSF1,0.38641980624215344
WoodDeckSF,0.32441344456812926
2ndFlrSF,0.3193338028320674
OpenPorchSF,0.31585622711605504
HalfBath,0.2841076755947826
LotArea,0.2638433538714051
BsmtFullBath,0.22712223313149418
BsmtUnfSF,0.21447910554696925
BedroomAbvGr,0.1682131543007397
ScreenPorch,0.11144657114291114
PoolArea,0.09240354949187317
MoSold,0.0464322452238194
3SsnPorch,0.04458366533574838
BsmtFinSF2,-0.011378121450215155
BsmtHalfBath,-0.016844154297358943
MiscVal,-0.021189579640303206
Id,-0.021916719443430967
IsRenovated,-0.021932600051564548
LowQualFinSF,-0.02560613000067957
YrSold,-0.02892258516873857
OverallCond,-0.07785589404867796
MSSubClass,-0.08428413512659509
EnclosedPorch,-0.1285779579259566
KitchenAbvGr,-0.13590737084214102
